title,body,category,ticket_id
Unexpected application slowdowns,"The platform works great for the first hour of my session, but then it starts to slow down significantly. It feels like a memory leak that gets worse the longer I stay logged in. Do you have any suggestions to mitigate this?",Performance,TKT-01197
User authentication failing with incorrect token error,I keep getting an invalid token error when trying to access the API even after generating a fresh one from the settings page. I have double-checked the authentication header and it seems correct. Could my account permissions have been restricted?,Technical,TKT-00527
Payment link expired,"The link you sent me to pay the outstanding balance has expired. Could you please generate a new one so I can settle my account? I apologize for the delay, I have been traveling for work.",Billing,TKT-00394
Suspicious third-party app access,"I noticed an application listed under 'Authorized Apps' that I definitely did not connect to my account. I have removed it, but how do I know if they already pulled my personal information? I am very worried about my data safety.",Security,TKT-01405
Integration webhook stopped firing,"We have an automated webhook set up to notify our internal system, but it has stopped triggering as of this morning. We haven't changed any configurations on our side. Could you verify if the webhook service is operational?",Technical,TKT-00434
Blank screen after logging in,"I enter my credentials and the screen just goes white. I have tried disabling all my browser extensions, but that did not fix it. What could be causing this display issue?",Technical,TKT-00577
API key exposure,"I accidentally committed my production API key to a public repository by mistake. I have already deleted the repository, but I need to know how to revoke the existing key and generate a new one. This is quite urgent.",Security,TKT-01212
Unable to export data to CSV,"I am trying to export my monthly history, but the file download doesn't trigger. The browser developer console shows a failed network request to the export server. Could you please let me know if this feature is currently broken?",Technical,TKT-00430
Requesting read receipts for direct messages,"In our remote team, it is often hard to know if someone has seen a message or if they are still AFK. Could you please add read receipts for direct messages? It would help reduce unnecessary follow-up pings.",Feature Request,TKT-00612
Configuration changes are not saving,"I updated my profile settings and clicked save, but the changes revert as soon as I refresh the page. The system shows a success notification, yet the data in the database remains unchanged. Am I missing a step?",Technical,TKT-00531
Double billed for the same month,It looks like I was charged twice for my subscription this month. I have two separate transactions showing on my card statement from the same date. Please investigate this double billing error.,Subscription,TKT-00813
Please stop sending me daily newsletters,"I cannot find the unsubscribe link anywhere in the footer of your marketing emails. I have requested to opt out twice now, but I keep receiving the daily digest. Please remove my address from your mailing list immediately.",Notifications,TKT-01451
Batch editing for user profiles,Managing permissions for fifty employees individually is a nightmare. Please allow us to select multiple users and update their access levels at once. This would significantly reduce the time our admin team spends on maintenance.,Feature Request,TKT-00652
White screen on login page,"When I try to navigate to the sign-in page, I just get a blank white screen. I have tried multiple browsers and the result is the same. I suspect there might be a JavaScript error preventing the page from rendering.",Technical,TKT-00562
Cannot customize alert frequency,"I want to receive alerts only once a day, but the settings menu keeps reverting to 'Real-time'. Every time I hit save, it just ignores my preference. How do I make these settings stick?",Notifications,TKT-01474
Keyboard shortcuts for navigation,"I love using keyboard shortcuts, but I feel like your interface is lacking them for the navigation menu. Could you add hotkeys to jump between the primary tabs? It would definitely speed up my daily usage significantly.",Feature Request,TKT-00711
How to turn on push notifications?,"I am not very tech-savvy, but I want to make sure I don't miss any messages from you. Could you provide a simple step-by-step guide on how to enable alerts for me? Thank you for your help.",Notifications,TKT-01506
Forgot the answer to my security question,"I am trying to recover my password, but the system is asking for a security question that I do not remember the answer to. Is there any other way to verify my identity and reset my login credentials?",Account Access,TKT-00125
Unable to upload CSV file,"I keep getting an error whenever I try to upload my contact list via CSV. I have double-checked the formatting and headers according to your documentation, but the system says the file is invalid. Can someone please take a look at the file or tell me what I am doing wrong?",Data Management,TKT-01771
Application crashes during login,"Every time I try to sign into the desktop app, it freezes on the loading screen and then just closes completely. I have already tried reinstalling the software, but the issue persists. Could you please check if there is a bug with the current version?",Technical,TKT-00463
Information on referral bonuses,I have a few friends interested in your platform. Do you offer any referral bonuses or discounts for new signups if they use my link?,General Inquiry,TKT-01894
Memory leak causing crashes,"If I leave the dashboard open for more than an hour, the memory usage climbs until the browser tab crashes. This is a recurring issue that has been happening for a few days now. Please investigate the client-side memory handling.",Performance,TKT-01118
Trouble updating payment info,I am getting a generic error whenever I try to save my new debit card. I have confirmed with my bank that the card is active and has sufficient funds. Is there a specific browser I should be using?,Subscription,TKT-00999
User-defined themes for shared workspaces,Our team would love to be able to apply our brand colors to our shared workspace. It would help us identify our projects at a glance. Can you allow us to customize the interface colors for specific workspaces?,Feature Request,TKT-00793
System slow when loading large datasets,The interface completely freezes whenever I try to open a data table with more than a thousand rows. Is there a way to enable server-side pagination so that the browser doesn't crash? I need to be able to manage these large files efficiently.,Data Management,TKT-01777
Inquiry about upcoming feature releases,I saw a mention of a new update on your social media page recently. Is there an official roadmap I can view to see what new tools are coming out soon? I am very excited about the progress.,General Inquiry,TKT-01877
Lost data after system maintenance,I logged in this morning following your scheduled maintenance and a significant portion of my data from yesterday is missing. I was working on a large dataset update until late last night. Is there any way to recover the work that was supposedly saved before the servers went down?,Data Management,TKT-01657
Plugin conflict detected in IDE,I am seeing a stack trace error in the console every time I open a new project while your plugin is enabled. It seems to be conflicting with the latest version of the IDE. Will there be an update to address this compatibility issue?,Technical,TKT-00539
Application keeps crashing on startup,"Every time I try to open the software, it closes immediately after the splash screen appears. I have already tried reinstalling it twice, but the issue persists. My operating system is fully updated.",Technical,TKT-00544
System performance degradation,"The system has become noticeably slower over the past week. I haven't changed my workflow, yet tasks that took seconds now take much longer. Is there any maintenance being done on the backend?",Performance,TKT-01125
Auto-save feature overwriting data,The auto-save function is overwriting my manual edits whenever I move to a new field. It is incredibly disruptive to my workflow and I keep losing progress on my data entry. Please tell me how to disable this feature.,Data Management,TKT-01786
How do I switch my payment method?,My current credit card is about to expire soon and I want to update my billing info before it does. Where exactly do I go to change the card on file? I don't want to lose access to my tools.,General Inquiry,TKT-01968
Authenticator app desynced,My phone broke and I lost access to my authenticator app. Now I cannot get the six-digit code required to enter my account. Can you reset the MFA settings for me?,Account Access,TKT-00030
UI elements unresponsive after update,"Since the recent update, the interface feels heavy and unresponsive. Clicking buttons results in a noticeable delay before anything actually happens. It's making it very difficult to complete simple tasks efficiently.",Performance,TKT-01068
Not receiving push notifications on mobile,"I have checked my settings and push notifications are enabled, but I never get alerts for new messages. I have already tried reinstalling the app twice to fix this. It is really frustrating missing these important updates.",Notifications,TKT-01448
Cancel my account immediately,Please cancel my subscription. I am no longer using the service and do not want to be charged again next month. Thank you.,Subscription,TKT-00808
Reporting a potential security vulnerability,I believe I found a flaw in your user registration form that allows for potential data leakage. I would like to report this to your security team responsibly. Please let me know who I should contact to provide the details.,Security,TKT-01320
Subscription not recognized after login,"I logged into my account successfully, but it shows that I don't have an active subscription. I paid for the premium plan last month and have the receipt. Can you please check my account status?",Account Access,TKT-00057
Cloud backup failing,My automated cloud backups are failing with a generic connection error. I have checked my internet connection and it is perfectly stable. Could there be a server-side restriction on my account?,Technical,TKT-00520
Need an invoice for tax purposes,I need a copy of my last three monthly invoices for my business accounting. I cannot find a download button on the subscription page. Could you please send them to me?,Subscription,TKT-00938
Account access denied without reason,"I am getting a generic access denied error whenever I try to access my files. My account was working perfectly fine yesterday. Did you place a security hold on my account, and if so, how can I resolve it?",Security,TKT-01365
Billing address update for invoices,"I need to update the billing address on all my future invoices because my business has moved. I updated it in the profile settings, but the old address is still appearing on the generated PDF. How can I ensure the new address is reflected?",Billing,TKT-00252
Unable to log in via Google SSO,"I usually sign in using the Google button, but today it just returns a server error. I tried signing in manually, but I don't have a password set up since I always used Google. Please help.",Account Access,TKT-00100
Unable to toggle desktop sound notifications,"I have tried disabling the sound for desktop notifications in my preferences, but they keep beeping. I need these to be silent while I am working. Please let me know how to force this off.",Notifications,TKT-01511
Cannot upgrade to the annual plan,"I am trying to switch my monthly subscription to the annual option but the button is greyed out. I have already refreshed my browser and cleared my cache, but nothing happens when I click it. Could you please assist me with this upgrade?",Subscription,TKT-00825
Inquiry regarding billing date,I would like to change my billing date to the first of the month to align with my salary. Is it possible to schedule my subscription renewal for a specific day? Please let me know if this is a supported feature.,Billing,TKT-00299
Missing important status update alerts,I didn't receive any notification when my status changed this morning. I rely on these to know when to start my workday. Please look into why the system failed to trigger the alert.,Notifications,TKT-01553
Application crashes on startup,"Every time I try to launch the desktop client, it immediately closes without showing an error message. I have already tried reinstalling the software twice but the issue persists. Could you please look into this for me?",Technical,TKT-00423
Lost my recovery keys,I have misplaced my recovery keys and I am terrified of losing access to my account forever. Is there a process to generate new ones without having to delete my entire profile? Please help.,Security,TKT-01281
Silent mode not honored by app,"My phone is set to vibrate only, but the app still plays audio alerts at full volume. It is very embarrassing during meetings. Please ensure the app respects system-wide sound profiles.",Notifications,TKT-01522
General question about platform compatibility,"Will your software work on a Linux-based operating system? I have been using it on my laptop, but I am setting up a new workstation. Let me know if there are any specific dependencies I should be aware of.",General Inquiry,TKT-01858
Need bulk export for monthly reports,"Currently, I have to download my data one entry at a time for my accounting team. It would save me hours if there was a bulk export button in the history tab. Please consider adding CSV support for multiple selections.",Feature Request,TKT-00765
Browser push notifications never prompt,"I want to enable desktop notifications, but the browser never shows the prompt to allow them. I have checked the site settings and it is not listed as blocked. Is there a way to trigger the prompt manually?",Notifications,TKT-01541
Integration import failed for large file,Attempted to import a data file of 500MB and the system threw a memory exception. I expected the import to handle large files in chunks. Please advise on the maximum file size limit or if there is a streaming option available.,Technical,TKT-00496
Suspicious login attempt from unknown device,"I received an alert about someone trying to sign into my account from a location I have never visited. I have already updated my password, but I want to ensure my data is still secure. Can you verify if any settings were changed during that time?",Security,TKT-01287
How do I cancel my subscription?,I've been looking around my dashboard for twenty minutes but I can't find a button to stop my recurring payments. I don't want to be charged for next month. Could someone provide instructions on how to cancel properly?,Subscription,TKT-00987
System error during account verification,"I was prompted to verify my account details upon login, but the page keeps crashing and showing a generic error code. I have tried waiting a few hours to see if it was a temporary glitch, but it persists. I am unable to proceed past this verification screen.",Account Access,TKT-00071
Difficulty finding invoice history,I've been looking through my account settings for twenty minutes and cannot find my previous receipts. Where exactly can I view my billing history? It's not intuitive at all.,Billing,TKT-00276
Batch processing stuck at pending status,"I queued a batch update for three thousand records this morning and it is still stuck on pending. Usually, this finishes within fifteen minutes. Is there a known backlog affecting the processing queue?",Data Management,TKT-01795
Request for press kit or logo assets,I am writing an article about your company for a tech blog and I need some high-resolution logo files. Do you have a press kit available for download? Please send a link if so.,General Inquiry,TKT-01948
Issue with security question reset,"I am trying to reset my password, but the security questions being asked do not match the ones I set up. Is it possible for an admin to clear my current security questions so I can log in and update them?",Account Access,TKT-00066
Two-factor authentication code never arrives,"I have been trying to log into my account for an hour, but the SMS verification code never hits my phone. I have checked my settings and my number is correct. Please help me get back into my account.",Technical,TKT-00586
Website responsiveness is terrible on mobile,"The mobile version of your site is incredibly sluggish, specifically when trying to scroll through lists. Buttons take forever to register a click, which makes the whole experience frustrating. Please optimize your scripts for mobile browsers.",Performance,TKT-01108
Two-factor authentication not sending codes,"I am trying to log in, but the 2FA codes are not arriving in my text messages. I have restarted my phone and verified my signal strength, but nothing is coming through. This is preventing me from accessing my account and it is quite urgent.",Security,TKT-01248
Unable to disable security questions,"I find the security questions extremely outdated and would prefer to use an authenticator app instead. Every time I try to update my settings, the interface freezes. Please tell me how I can switch to a more modern authentication method.",Security,TKT-01230
Billing cycle start date request,Is it possible to shift my billing date to the first of the month? It would be much easier for my personal budgeting to have all my expenses align. Please let me know if this is a feature you offer.,Billing,TKT-00395
Requesting push notifications for specific items,"I want to be alerted only when my specific watched items change status. Currently, I get notified for everything, which is too much information. Can we customize filters for notifications?",Notifications,TKT-01502
Duplicate alert messages,I am getting the exact same notification sent to me twice in a row every time. It is a bit spammy and annoying to clear out my inbox. Is there a setting I missed to prevent duplicates?,Notifications,TKT-01493
Not receiving password reset emails,I have clicked the forgot password button several times but I am not receiving the email in my inbox or spam folder. My email address is definitely correct. Can you check if the system is sending them out?,Account Access,TKT-00112
Missing charge receipt,I paid my balance yesterday but I never got a confirmation email or receipt. I need proof of payment to submit to my finance department. Please send a copy to my registered address.,Billing,TKT-00353
Slow data sync across devices,Changes made on my desktop take several minutes to reflect on the mobile client. It feels like the background synchronization is stuck or throttled. How can I force a faster update cycle?,Performance,TKT-01134
Tax information incorrect on invoice,The tax details on my monthly invoice are incorrect because my business moved to a new state. How do I update my company registration information so the tax is calculated correctly going forward?,Subscription,TKT-00858
Please add undo button for deletions,"I accidentally deleted a project that took me days to set up because I clicked the wrong button. There is no confirmation prompt, and now the data is gone forever. Can you please add an undo feature or a trash bin to recover deleted items?",Feature Request,TKT-00675
Script execution limit exceeded,I am trying to run a bulk export script but it hits the max execution time before completing. Is there a way to run this in the background or extend the limit? Any guidance on optimizing this process would be appreciated.,Technical,TKT-00571
How to change subscription owner,I am leaving my company and need to transfer the subscription ownership to my colleague. Can you please assist us in moving the billing responsibility to a new profile? We need to keep the existing project history intact.,Subscription,TKT-00923
Trouble with hardware security key,"I am using a hardware security key for multi-factor authentication, but it is not being recognized by your login portal. The browser is up to date and I have tried different USB ports. Is there a compatibility issue I should be aware of?",Security,TKT-01403
System slow during peak hours,"Everything works fine in the morning, but by 2 PM, the platform becomes incredibly sluggish. It feels like server congestion or something similar. Do you have planned maintenance during these times that might be causing this?",Performance,TKT-01171
Slow dashboard load times with high volume,"Our database has grown significantly, and now the dashboard takes over a minute to render. Is there a caching strategy or optimization I can implement to improve performance? Any advice would be appreciated.",Data Management,TKT-01808
Sorting function not working on numeric columns,"The sort feature in the data viewer is treating my numeric columns like text, so 10 comes before 2. This is extremely frustrating when trying to rank items by value. Can you fix the column formatting so that it sorts correctly?",Data Management,TKT-01658
Webhook not receiving event notifications,"We set up a webhook to receive event notifications, but we are not getting any payloads. I have verified that the endpoint is reachable from the public internet. Is there a way to view the outgoing logs on your end?",Technical,TKT-00412
Urgent alert sound is too quiet,"I have selected the high-priority sound for emergency alerts, but it is barely audible. Is there a way to override the system volume to ensure I hear these? I need to be sure I don't miss these updates.",Notifications,TKT-01442
Unable to verify SSL certificate,My application is throwing an SSL verification error when connecting to your service endpoint. It seems like the intermediate certificate might be missing in your response chain. Can you confirm if your certificates were updated recently?,Technical,TKT-00536
Security question answer not being accepted,"I am trying to recover my account, but the system keeps saying my security question answer is incorrect. I am certain that I have the correct answer stored. Is there a way to verify this or reset the question?",Security,TKT-01335
Missing important status updates,"I was expecting a notification when my request was approved, but I never received one. I had to manually check the dashboard to find out it was done. Why did the system fail to trigger the alert?",Notifications,TKT-01456
Gift subscription question,I want to purchase a subscription for a friend as a birthday gift. Do you offer gift cards or a way to pay for someone else's account for a full year? I want to make sure it covers everything they need.,Subscription,TKT-01000
Strange login activity notice,"I received an email stating that someone logged into my account from a location I have never been to. I tried logging in to change my password, but now my password does not work at all. It seems my account might have been compromised.",Account Access,TKT-00070
High CPU usage while idle,"Even when I am not doing anything in the app, my computer fans start spinning at max speed. I checked the task manager and the application is using 40% of my CPU constantly. This shouldn't be happening when it's idle.",Performance,TKT-01030
Subscription cancellation confirmation not received,"I clicked the cancel button yesterday, but I never received a confirmation email. I want to be 100% sure that my subscription is stopped. Could you please verify the current status of my account?",Subscription,TKT-00882
Export reports to PDF format,"Currently, I can only download my analytics reports as CSV files. It would be incredibly helpful if I could export them directly as PDFs for my weekly management presentations. This would save me a lot of time on formatting.",Feature Request,TKT-00745
Is there a student discount available?,I am a college student and I really need this software for my coursework. Do you offer any discounts for students with a valid school email address? That would be really helpful for my budget.,General Inquiry,TKT-01946
Concerned about data encryption standards,"I am conducting a security audit for my department and need specific details on your encryption protocols for stored user data. Could you provide a white paper or documentation regarding your compliance with industry standards? Specifically, I am looking for information on your AES implementation.",Security,TKT-01250
Custom sound settings not saving,"I am trying to set a custom alert sound for priority notifications, but the app keeps reverting to the default beep. It is very frustrating to deal with this UI bug every single day. Please fix the save function in the settings menu.",Notifications,TKT-01513
Password strength requirements,"I am trying to update my password, but the system keeps rejecting it for not being complex enough. What are the specific character requirements for a valid password? Please clarify so I can make it secure.",Security,TKT-01345
Bulk delete action not working,"I am trying to remove old client records from the database, but the bulk delete button is unresponsive. I have selected all the rows, but nothing happens when I confirm. Is there a limit to how many records I can delete at once?",Data Management,TKT-01730
Webhook payload failing validation,We are noticing that our webhook payloads are failing validation on your end despite following the documentation perfectly. We get a 400 Bad Request error every time. Could you provide more detailed error messages or a sample payload that works?,Technical,TKT-00589
Archiving feature for old tasks,My task list is bloated with completed items from last year. Can we get an archive button that hides these completed tasks but doesn't delete them permanently? That way I can keep my current workspace clean.,Feature Request,TKT-00721
Unauthorized changes to account email,"I woke up to a notification saying my account email was changed, but I did not authorize this. I still have access for now, but I am terrified that I will be locked out permanently. Please help me revert this change immediately.",Security,TKT-01290
Unexpected session timeout during data import,"Every time I start a large data import, the session times out about five minutes in, leaving my data half-uploaded. Is there a way to increase the timeout limit or use a different method for large batches? This is very frustrating.",Data Management,TKT-01741
Report potential phishing attempt,I received an email claiming to be from your company asking me to click a link to update my billing information. It looks somewhat suspicious and the sender address seems off. I wanted to report this so other users don't get tricked by the same scam.,Security,TKT-01252
Excessive memory usage,I have noticed that the desktop client consumes over 4GB of RAM after just an hour of use. It makes my computer fan run at maximum speed and prevents me from running other necessary applications. Please look into this memory leak.,Performance,TKT-01088
Information about upcoming feature releases,"I really enjoy using your product, but I was wondering if there is a roadmap available for upcoming updates. Are there any plans to add integration support for third-party software in the near future?",General Inquiry,TKT-01914
Request for quiet hours feature,"I love the app but the constant notifications at night are disruptive. Is there a way to implement a 'Do Not Disturb' mode or scheduled quiet hours? I don't want to turn off alerts completely, just during sleep hours.",Notifications,TKT-01546
Account locked after failed login attempts,"My account is currently locked because I entered the wrong password too many times. I am now certain of the correct password, but the system won't let me try again. How long do I have to wait for the lockout to expire?",Security,TKT-01375
Switching from monthly to annual billing,I would like to change my billing cycle from monthly to yearly to take advantage of the discount. Is this something I can do myself through the user portal? I couldn't find an obvious link for this switch.,Subscription,TKT-00874
Are you hiring for remote positions?,I am a huge fan of your product and I am looking for new career opportunities. Do you have a careers page where I can see current openings? I would love to join the team if the right role is available.,General Inquiry,TKT-01942
Database queries running extremely slow,The report generation tool is timing out on anything but the smallest datasets. Our current workflow is halted because of this performance degradation. Could you check if there is an issue with the backend query optimization?,Performance,TKT-01011
Export functionality stuck at zero percent,"The report export feature seems to be broken. Every time I trigger a CSV download, the progress bar remains at zero percent indefinitely. I am using the latest version of Chrome, is there a known issue with this?",Technical,TKT-00487
Unable to change password,"I want to update my login credentials, but the change password button is greyed out. I am currently logged in but I need to make sure my account is secure. Can you assist me with this?",Account Access,TKT-00129
Cannot enable push notifications on my tablet,"I tried to toggle the push notification switch, but it remains greyed out. My operating system is fully updated, and I have granted all necessary permissions. Please assist me in resolving this.",Notifications,TKT-01552
Unable to preview JSON data structure,"The data preview feature is not rendering any of my JSON payloads correctly in the interface. It just shows a blank white box instead of the tree view. I have already cleared my cache, but the issue persists.",Data Management,TKT-01683
Too many marketing emails,I am being bombarded with promotional emails multiple times a day. I want to keep the account alerts but turn off all the marketing fluff. Where exactly is the toggle to stop these?,Notifications,TKT-01490
Incorrect timezone in notification timestamp,The timestamps on my push notifications are consistently off by exactly six hours. I have checked my time zone settings in the profile and they are correct. It seems like the server is using a different base time.,Notifications,TKT-01527
Unable to map null values in CSV import,My import tool keeps throwing an exception whenever it encounters a null field in the CSV. I want the system to treat these as empty strings instead of crashing. Is there a setting I can toggle to handle this automatically?,Data Management,TKT-01645
Double charge on my monthly subscription,I noticed that I was charged twice for my subscription this month. Could you please check my account and refund the extra transaction? I would appreciate a quick resolution to this.,Billing,TKT-00362
Data synchronization latency,"There is a significant delay between when a record is updated in the mobile app and when it appears in the web console. It used to be almost instant, but lately, it takes several minutes. Is there a way to force a refresh?",Data Management,TKT-01622
Career opportunities,I love the product you guys have built and would love to work with your company. Are you currently accepting applications for remote customer success roles? I didn't see a jobs page on your site.,General Inquiry,TKT-01977
Request to pause subscription,I am going to be away for three months and won't be able to use the service. Is it possible to pause my billing temporarily instead of canceling the whole account? I would like to keep my data history intact.,Billing,TKT-00257
Audit log export request,"I need to export a report of all security-related actions taken on my account over the last thirty days. Is there a way to generate this from the user interface? If not, can your team provide a file with this history?",Security,TKT-01262
Performance degradation after latest update,"Ever since the software updated last night, everything feels much more sluggish. Buttons take longer to respond to clicks and the general responsiveness is just not the same. Please roll back the performance changes or fix this bug.",Performance,TKT-01193
Stuck in infinite login loop,"After entering my credentials and passing the two-factor authentication, the page just refreshes back to the sign-in screen. I have cleared my browser cache and tried using an incognito window without success. This is preventing me from getting any work done today.",Technical,TKT-00545
Unrecognized charge on my statement,"Hi, I see a charge from your company on my credit card that I do not recognize. I haven't used your service in months, so I'm confused about why this appeared. Can you help me figure out what this is for and get it reversed?",Billing,TKT-00343
Inquiry regarding system compatibility,I am running an older version of my operating system and I am worried your software might not work correctly. Could you send me the minimum system requirements? I want to make sure I am covered before I subscribe.,General Inquiry,TKT-01945
Customizable dashboard widgets,"The current dashboard layout is okay, but I wish I could rearrange the widgets based on what I prioritize. Some users might want the analytics at the top, while I prefer the recent activity feed. Making the dashboard modular would satisfy everyone.",Feature Request,TKT-00671
Search function is lagging,The search bar is taking way too long to show results as I type. It seems like it's trying to scan the entire database with every keystroke. Can you implement a debounce or optimize the search speed?,Performance,TKT-01062
Desktop browser notifications not working,"I granted permission for desktop alerts in Chrome, but nothing pops up when I receive a reply. I have verified that my system focus assist is turned off. Could you guide me through the troubleshooting steps?",Notifications,TKT-01575
Trying to delete my account,I no longer have a use for this service and would like to close my account permanently. Could you please explain the process for doing this? Please let me know if there is anything I need to back up first.,General Inquiry,TKT-01829
How to change billing cycle from monthly to yearly,I want to switch my billing from monthly to yearly to save some money. I couldn't find the option in the user settings menu anywhere. Can you walk me through the steps or change it on your end?,Billing,TKT-00308
Multiple devices showing in my account settings,"I see five different devices currently listed as 'active' on my account, but I only own two. I have already changed my password, but how do I force-log out all these other devices? Please assist.",Security,TKT-01324
Integrate with third-party calendar apps,It would be incredibly helpful if your platform could sync directly with my calendar. Manually typing in deadlines is prone to error and takes up valuable time. Are there any plans to build this integration?,Feature Request,TKT-00766
App notification settings are greyed out,"I want to turn off sounds for low-priority updates, but the toggles in the app are greyed out. I have already checked my global device settings and they don't seem to be the cause. Can you advise?",Notifications,TKT-01420
Suspicious login attempt from unknown device,"I received an alert about a login from a location I have never visited. I immediately changed my password, but I want to know if there is any way to see what actions were taken during that session. Please help me secure my account further.",Security,TKT-01387
Payment method declining without cause,"My credit card is perfectly valid and has plenty of funds, yet the system keeps rejecting it. I have tried re-entering the information three times now. What is the problem?",Billing,TKT-00234
Requesting an itemized statement,Could you please provide a detailed breakdown of the fees on my last bill? I am trying to understand the service charges and usage fees listed separately. I would appreciate a clear explanation.,Billing,TKT-00232
Unable to export user data to CSV,"I have been trying to download my analytics report for the past hour, but the export button does nothing. Every time I click it, the page refreshes and clears my selected date range. This is quite urgent as I need the data for a board meeting tomorrow.",Data Management,TKT-01809
Unexpected session timeout,I am getting logged out every ten minutes even when I am actively working on the page. It is incredibly disruptive to my productivity. Please adjust the session timeout duration if possible.,Technical,TKT-00556
Payment method change question,I recently got a new bank card and need to update my billing info before the next cycle hits. Can you confirm if this will cause a temporary service interruption? I want to make sure my access stays active.,General Inquiry,TKT-01879
Discount code not applying to subscription,"I have a valid promo code for 20% off my subscription, but the system keeps returning an error message saying it's expired. I just received this code in my inbox this morning. Could you help me get the discount applied?",Subscription,TKT-00889
General system slowdown,The whole platform feels much slower than it was last month. Clicking buttons feels sluggish and nothing responds as quickly as it should. Has there been a recent update that might have caused this?,Performance,TKT-01044
Unable to disable push notifications,"I went into the settings to turn off all alerts, but they are still coming through. I have toggled the switches multiple times and even reinstalled the app. Nothing seems to stop the constant pinging.",Notifications,TKT-01602
How do I switch to annual billing?,"I'm currently on a monthly billing cycle, but I'd like to switch to the annual plan to take advantage of the discount. I can't seem to find the toggle for this in the billing settings. Could you guide me through the process?",Subscription,TKT-00807
Time tracking report feature,Is there any way to generate a summary report of hours spent on specific projects? I need this for my client invoicing every month. A simple bar chart or downloadable PDF would be perfect.,Feature Request,TKT-00716
Where can I find my past invoices?,"I am trying to organize my expenses for the year, but the billing history page seems to be empty. Am I looking in the wrong place? Please point me in the right direction.",Billing,TKT-00355
Syncing process is dragging down performance,"Whenever the background sync kicks in, the rest of the application becomes unresponsive. It would be better if the sync process used fewer system resources. Can we throttle the background activity?",Performance,TKT-01019
Duplicate entries in customer database,I noticed that our records are being duplicated every time a user updates their profile. It seems like the system is creating new rows instead of updating existing ones. Can we merge these duplicates without losing the transaction history?,Data Management,TKT-01734
Add undo button for deletions,I accidentally deleted a project yesterday and there was no way to recover it. It would be great to have an undo feature or at least a trash bin folder. Please save me from my own clumsy fingers.,Feature Request,TKT-00655
Payment failed despite sufficient funds,"My subscription was just suspended, but I have more than enough money in my account to cover the cost. It seems like the system failed to process the transaction properly. Please investigate why the payment was declined.",Billing,TKT-00306
Multi-factor authentication bypass concern,"I accidentally skipped the setup for MFA, and now I want to know how I can enforce it for my team. We handle sensitive data and want to make sure everyone is required to use an authenticator app. Please provide instructions for team-wide security settings.",Security,TKT-01362
API rate limits affecting data ingestion,Our ingestion pipeline is constantly hitting rate limits during our peak traffic hours. Is there any way to increase our current threshold so we can process our logs more efficiently? We would prefer not to throttle our incoming data.,Data Management,TKT-01676
Enabling SSO for our enterprise team,Our security team requires us to implement Single Sign-On across all company software. Could you provide the technical documentation for integrating your platform with our current identity provider? We want to ensure all our team members are managed centrally.,Security,TKT-01238
Ability to archive instead of delete,"I am afraid of deleting old projects in case I need them later, but they clutter my active list. Could you add an 'Archive' option that hides them from view but keeps the data saved? That would be perfect.",Feature Request,TKT-00781
Secure file sharing inquiry,"We need to send sensitive documents to your team and want to make sure we use a secure method. Do you have a secure portal we should use, or should we encrypt the files ourselves? Please advise on your preferred procedure.",Security,TKT-01285
CSS layout breaking on mobile browsers,The navigation menu overlaps with the main content area on smaller screen sizes. It looks like the media queries aren't triggering properly for some reason. Could you take a look at the responsive stylesheet?,Technical,TKT-00533
Severe latency when loading the dashboard,It takes nearly thirty seconds for my main dashboard to finish populating the data widgets. This is significantly slower than it was last week. Is there a server-side bottleneck happening right now?,Performance,TKT-01107
Incorrect character encoding in exported reports,All the special characters in my exported Excel file are appearing as garbage text. It looks like a UTF-8 encoding issue on your end. Is there a setting I can change to export with standard formatting?,Data Management,TKT-01804
Need more granular user permission settings,"Right now, it seems like someone is either an admin or a basic user with no middle ground. Can we have custom roles where I can define specific access levels? I want my interns to be able to view reports but not delete them.",Feature Request,TKT-00614
Cannot log in after password reset,"I requested a password reset link earlier today but it is not working. Every time I try to set a new password, the page refreshes and gives me an error message. I really need to get into my account to check my recent activity.",Account Access,TKT-00121
Security vulnerability report,"While testing your API, I discovered an endpoint that seems to leak user information without proper authentication tokens. I would like to report this formally so it can be patched. Who should I contact to provide the technical details?",Security,TKT-01357
How to delete account and remove all data,I have decided to close my account due to personal security reasons. I want to make sure that every bit of my data is permanently wiped from your servers. What is the official process for complete account deletion?,Security,TKT-01318
Add social media sharing buttons to blog posts,"I really enjoy your platform, but I'm finding it difficult to share content directly to my professional network. Could you please integrate social media sharing buttons into the interface? It would help us promote our work much more effectively.",Feature Request,TKT-00621
Are there student discounts available?,"I am a full-time student and was wondering if you offer any special pricing plans for the academic community. If so, what documentation do I need to provide to qualify? Thanks for your time.",General Inquiry,TKT-01876
Inquiry about multi-user license options,My team is growing and I need to add more seats to our current subscription. Is there a bulk discount available for adding ten or more users at once? Please send me information on the enterprise pricing tiers.,General Inquiry,TKT-01856
Suspicious activity lockout,"My account was locked because of suspicious activity, but I was the one trying to log in from a different coffee shop. How can I prove it was me so I can get back into my account? I need to access my files immediately.",Account Access,TKT-00136
Historical data query performance is poor,Running any queries against data from more than six months ago takes forever and often crashes the browser. Is there a way to index these older records to speed up the retrieval? This is slowing down my research significantly.,Data Management,TKT-01800
Inquiry about currency conversion,"I am being billed in a currency that is different from my local one, which is causing extra conversion fees on my bank's end. Is it possible to change my billing currency to my local one? This would save me a lot of money.",Billing,TKT-00375
Payment method expired notification,"I received an automated email saying my card is expired, but I have already updated it to a new one. Is there a sync issue with the billing backend? I want to ensure my service stays active.",Billing,TKT-00317
Receiving alerts for activities that aren't mine,I keep getting push notifications about account changes that I did not initiate. It is very concerning to see these alerts pop up on my screen. Can you verify if my security is compromised?,Notifications,TKT-01572
Problem accessing billing history,"I am trying to download my invoices from the past six months, but the download link returns a 404 error. I really need these for my tax filing this week. Is there any other way to get these documents sent to me?",Billing,TKT-00255
Unable to export data to CSV,"The export button is greyed out even though I have selected a date range. I am using the latest version of Chrome, and I've already cleared my browser cache. This is preventing me from generating my monthly reports.",Technical,TKT-00465
Cancel my subscription immediately,I no longer have a need for this service and would like to cancel my subscription effective today. Please confirm that I will not be charged for the next billing cycle. Thanks.,Subscription,TKT-00907
Requesting permanent account closure,"I would like to close my account entirely but I cannot find the setting anywhere in the dashboard. I also seem to have forgotten my password, which makes it harder to access the settings menu. Please assist me in deleting my profile.",Account Access,TKT-00110
Add read receipt for shared files,"When I send documents to my clients, I have no idea if they have actually opened them yet. Can you implement a read receipt or a 'last viewed' timestamp? It would help me track my project progress more effectively.",Feature Request,TKT-00783
How to change billing currency?,I moved to a different country and I want to pay in my local currency instead of the original one. Is this a setting I can change in my billing profile? I'm worried about the constant exchange rate fees.,Subscription,TKT-00937
Requesting a security audit for my enterprise account,"Our security team requires a compliance report regarding your data handling processes. Does your platform meet SOC2 standards? If so, please send over the relevant documentation for our records.",Security,TKT-01341
Where can I find my payment history?,I need to look back at my payments from the last six months for my budget planning. I cannot find a section in my account that lists past transactions. Where should I look?,Billing,TKT-00240
Need to export activity logs for audit,My company requires a full audit of all account activity for compliance reasons. I need to pull a secure report of every login and change made to my settings over the last six months. Could you guide me on how to export these logs securely?,Security,TKT-01232
Question regarding subscription billing cycle,I noticed that my monthly charges seem to be hitting my account at different times each month. Could you clarify if the billing date is fixed or if it shifts based on the weekend? I would appreciate it if you could help me understand how this works.,General Inquiry,TKT-01830
Multiple accounts linked to one payment,I seem to have two separate accounts under my name and both are being billed. I only intended to have one subscription active. Can you merge them and refund the duplicate payment?,Subscription,TKT-00979
Refund status inquiry,"I was told my refund was processed five days ago, but I still don't see it in my bank account. How long does it usually take for the funds to show up? I'm getting a bit worried.",Billing,TKT-00213
Subscription features not showing up,"I just upgraded my plan, but none of the premium features are unlocked in my dashboard. I have refreshed the page multiple times and even logged out and back in. Please fix my account access.",Subscription,TKT-00814
Where can I download my payment receipts?,"I need to submit my monthly expenses to my accounting department, but I cannot find a way to download previous invoices. Can you point me in the right direction? I need copies of the last three months of payments.",Subscription,TKT-00830
Include spell check in text editor,I find myself making small typos in my reports all the time because the built-in editor has no spell checker. Can you please integrate a basic spelling and grammar tool? It would be a huge help.,Feature Request,TKT-00778
Search index not updating,"I added several new entries to the database an hour ago, but they are not showing up in the search results. It seems like the indexer might be stuck. How long does it usually take for search indices to update?",Technical,TKT-00417
Update billing currency,"My account is currently being billed in USD, but I would like to be billed in my local currency to avoid conversion fees. Is it possible to change the billing currency setting for my account? Let me know the steps.",Billing,TKT-00352
Persistent 'Account Update' notification,"There is a permanent notification in my tray saying I need to update my profile, but I have already done it. It won't go away no matter how many times I click on it. Can someone manually clear this status for me?",Notifications,TKT-01423
Account locked after multiple failed attempts,I accidentally entered my password incorrectly several times and now I am completely locked out. How long do I have to wait before I can try logging in again? I need urgent access for work purposes.,Security,TKT-01332
Discrepancy in invoice amount,My latest invoice is significantly higher than the amount I agreed to when I signed up. The breakdown shows a fee I was never informed about. Could you please explain what these charges are for?,Billing,TKT-00345
Are you offering seasonal discounts right now?,I noticed there was a promotion last year around this time. I was wondering if you have any current coupon codes available for returning users. I would love to reactivate my plan if there is a deal.,General Inquiry,TKT-01952
Double charge on my monthly statement,I noticed that I was charged twice for my subscription this month. Could you please look into this and process a refund for the extra charge? I have already checked my bank statement and confirmed both transactions are pending.,Billing,TKT-00282
Lag during video playback,"The video player keeps stuttering every few seconds, even though my internet connection is perfectly fine. I have tried lowering the resolution but the problem persists. Any suggestions on how to make it smoother?",Performance,TKT-01042
Database connection timeout in dev environment,We are seeing frequent database connection timeouts when running our automated test suite. It seems like the connection pool is being exhausted too quickly. Can we increase the maximum connections allowed for our sandbox account?,Technical,TKT-00530
Slow login process,I have been waiting for the authentication screen to complete for ages. It just spins and spins after I enter my credentials. Is the authentication server down or just extremely slow?,Performance,TKT-01160
Missing columns in standard data export,"I noticed that the standard lead export is missing the custom fields we added last month. Are custom fields automatically included in the export, or do I need to map them somewhere in the settings? Please guide me on how to include these.",Data Management,TKT-01747
Where can I find your service status page?,I'm experiencing some sluggish performance today and want to check if there is an ongoing outage. Is there a public dashboard where I can monitor the health of your services? Thanks in advance.,General Inquiry,TKT-01961
Can I have multiple users on one plan?,I am currently on the basic plan and I was wondering if I can add team members to it. Do I need to switch to an enterprise plan for that functionality?,General Inquiry,TKT-02001
Need receipt for business expenses,I am putting together my expenses for the quarter and realized I missed one receipt. Could you generate a PDF receipt for the payment made on the 15th? Thank you for your assistance.,Billing,TKT-00212
How do I cancel my account?,"I want to stop my service, but I can't find the cancellation link in the settings menu. I don't want to be billed for another month. Please assist me in canceling immediately.",Billing,TKT-00351
Requesting a refund for accidental renewal,"I meant to cancel my subscription before it renewed, but I forgot. Since I haven't used the service at all this month, could you please provide a refund? I have already cancelled my account now.",Billing,TKT-00325
Missing digest email notifications,"I signed up for the weekly digest email, but I haven't received one in over a month. I checked my spam folder and they aren't there either. Could you check if my account is configured correctly to send these?",Notifications,TKT-01473
Incorrect time zone displaying in reports,"Even though I have my profile settings configured to my local time zone, all the generated reports are showing times in UTC. This makes it very difficult to track events accurately. Is there a global setting I am missing?",Technical,TKT-00555
Subscription not showing in my dashboard,"I upgraded to the premium version, but my dashboard still says I am on a trial. The charge already cleared on my bank account, so I am very confused. Please investigate why my subscription status hasn't updated yet.",Subscription,TKT-00963
